ID,Segmentation
462809,4
466315,2
461735,2
461319,3
460156,3
464347,4
465015,4
465176,3
464041,1
464942,4
460849,2
460563,3
466865,4
461644,2
466772,2
464291,3
466084,1
459675,4
465602,1
459168,2
465083,3
467604,1
459717,3
465882,2
461996,3
463331,3
462216,1
462454,4
459861,4
467917,4
465572,4
460593,4
465891,1
462044,2
465686,4
464590,1
466152,1
465729,2
462442,4
464191,1
462078,2
467873,3
461270,1
462960,3
464961,1
462110,2
465769,4
465269,3
461891,3
466935,3
464091,4
464535,1
463108,1
461356,1
464570,1
464580,1
465233,2
459954,4
460219,1
460877,2
460191,4
463742,3
463691,2
463250,4
463952,1
461558,3
465379,3
463814,4
466938,1
460671,2
462204,1
461671,4
459384,3
459905,3
464734,4
464125,4
467434,2
460956,3
465179,3
463338,4
467066,2
459976,4
461334,3
465108,3
462600,4
464144,3
466911,2
462806,1
463426,1
464065,2
462979,4
462834,4
460764,4
460185,4
464406,1
462059,3
467905,4
461177,2
460765,4
465386,3
462332,1
464481,3
461011,2
464749,2
461094,4
462104,4
464524,1
461787,3
467857,1
460153,3
465215,1
466746,3
464857,4
460723,2
459853,1
460410,4
463823,4
462008,2
459750,1
459880,3
459261,3
465395,2
461631,3
464904,1
461740,2
467092,4
464173,3
464972,1
467959,1
467688,3
460043,2
466590,3
461191,4
465662,3
459231,3
466495,2
459192,3
465710,3
460258,4
462813,1
467768,3
465291,3
462996,3
463497,4
465301,2
464702,3
459012,2
465053,3
459420,2
464166,2
458987,3
467745,3
464866,4
461081,4
467896,4
463991,1
466620,3
460697,3
467934,1
467910,1
467335,4
460263,2
459340,2
465622,3
459395,4
466574,3
466544,1
463610,1
465539,2
459823,1
467614,2
459073,3
464863,4
460022,1
459929,1
466613,4
461149,4
466068,3
461513,2
466236,2
459664,2
461967,3
461710,3
462742,4
459528,3
467515,1
463429,1
464024,4
460691,4
467271,2
465634,2
464801,4
462036,2
460448,1
464464,3
462410,2
459756,2
463789,3
466947,3
464150,3
465693,1
461670,3
466768,3
461550,1
462438,4
460704,2
464884,1
467050,2
466176,2
467773,3
465425,2
462318,1
460197,1
459375,1
463862,3
462721,4
465809,2
466915,4
467343,2
466268,3
464868,1
464038,1
460176,3
462161,4
464893,2
464443,2
467619,2
465974,3
462075,2
459494,1
466921,4
463544,3
461167,1
467364,3
462408,1
466224,3
465151,2
467216,4
460586,1
461197,4
462776,3
464088,4
464695,4
462331,4
466523,2
465337,1
460834,1
466824,1
461607,2
466999,4
466597,4
464075,2
462163,3
463895,2
464767,2
463738,1
465967,1
462260,3
467234,4
466573,2
463229,2
459768,4
462541,2
467714,1
459474,4
460093,1
467865,1
465758,4
464184,2
462618,4
464226,3
465432,2
466627,3
467380,3
465842,1
464622,1
462083,4
460910,1
460255,1
460109,3
464306,2
466835,2
465192,1
463380,1
462391,3
467086,1
460306,4
460752,1
467264,3
466258,2
463719,4
460032,1
465175,4
466610,1
459036,1
464047,4
459997,1
463382,2
460967,1
465094,2
461229,1
466442,4
464527,1
463560,4
460011,3
467207,2
465177,4
467531,4
462842,4
462124,1
466265,3
459789,3
464223,3
460280,4
460331,1
461494,2
460035,1
463812,2
465569,1
466333,3
462723,2
462404,1
461799,2
459933,1
463717,3
462149,4
462769,2
465532,1
462829,4
459210,3
464659,4
467759,3
461475,3
462714,2
466890,2
467479,3
466799,4
460873,2
466776,2
459462,2
465727,4
462348,2
460941,1
461629,2
459907,3
467146,4
459196,4
465444,2
464186,3
466412,2
459480,1
467880,3
460216,1
467941,1
462572,1
467443,1
459701,2
461139,1
461115,1
459027,2
467340,3
460857,1
464300,1
463287,3
461392,3
461546,1
462130,3
464684,1
462276,1
462417,4
466463,2
464736,4
463855,3
460344,3
460139,4
464126,2
461286,4
461621,3
460163,1
461958,1
464875,2
464791,1
464579,4
463531,1
465486,3
460882,4
461298,3
461595,1
459260,3
462772,2
459143,2
464532,1
460056,3
466761,1
465469,3
461886,4
465680,4
459316,4
465609,4
467009,4
461766,1
464938,1
462034,2
464049,3
467925,1
463711,1
463846,3
462064,3
463249,1
464217,1
463378,2
463035,4
465309,4
462688,4
459255,1
467492,1
460789,4
467307,3
464026,4
462493,3
460452,2
459322,1
464066,1
461114,3
465165,2
464526,1
460666,1
464096,3
464891,1
460107,3
467708,4
461873,3
465181,1
467320,4
459468,2
467316,1
466182,3
463757,2
462314,1
466652,2
461664,3
464105,3
466790,1
463844,2
462913,3
465541,3
459149,2
464508,3
458999,3
459947,2
465500,3
466338,1
465122,3
465230,3
466369,2
463939,4
460825,4
463471,1
467415,4
465879,1
463961,1
462634,1
463622,3
466624,3
467785,2
460578,4
460198,4
463581,4
464574,4
462312,1
467971,4
464746,4
459298,3
466414,1
460773,3
465163,3
462222,4
459342,3
460767,1
464319,1
462828,4
465155,3
461704,1
464826,4
462677,2
465006,1
463483,4
459002,4
465990,4
466044,1
461163,2
467106,2
461256,3
462695,1
466208,3
462128,3
467329,3
461609,2
464470,3
462705,3
465255,4
466018,3
459115,4
461263,1
460366,4
464106,1
465696,3
461627,3
467963,4
462437,4
467543,2
465206,3
463040,2
461668,3
461955,4
467139,1
459366,1
462167,1
466752,4
466902,3
459534,3
463399,1
464878,4
467599,4
466226,3
463576,4
464911,3
463909,2
466099,2
464427,3
463951,1
465289,1
464219,1
467098,1
467451,1
465137,3
462289,1
467647,4
459803,3
465972,4
464136,1
459286,4
463580,4
466636,3
461064,3
461597,2
458990,4
461351,4
464420,3
462060,3
465707,3
463733,4
463960,1
462395,4
461015,3
466267,1
464056,3
465898,1
465361,3
461394,4
466269,4
466213,4
465550,4
463451,4
463877,1
463876,3
465448,1
459325,4
467233,2
465264,1
461811,4
465368,4
467693,2
461499,1
465936,2
459748,3
466376,2
460215,4
462076,4
465756,4
463573,4
463455,2
460841,4
463959,2
461792,4
462791,4
463102,4
462659,1
463408,4
462071,1
464806,4
463664,1
467795,4
459141,4
465900,1
467265,3
464490,1
460411,1
466491,2
465248,4
463308,1
463478,2
465396,4
461954,2
463800,1
459894,3
459778,2
464662,3
460878,3
462187,3
461908,4
461951,4
465352,3
464258,2
464215,4
467561,2
464665,2
460670,2
461486,3
459526,1
466492,1
459489,2
459681,2
462971,3
461221,2
464090,1
459822,4
462540,2
467411,2
463997,2
464103,2
465751,3
459797,3
464572,4
462352,2
460513,4
463228,2
464765,1
463720,2
460799,4
460891,3
460311,4
466727,2
465138,1
466361,2
463154,4
462967,2
460908,4
467560,2
463281,4
462466,3
463744,3
464209,3
462528,3
460061,4
466188,2
467914,4
462758,4
465704,3
460397,1
466676,4
465024,3
461630,3
465328,1
461220,4
463935,3
460514,1
466262,1
460890,3
466415,4
462392,1
459706,3
467446,1
460528,3
459212,3
462364,1
464549,3
464555,4
462027,1
467123,2
467826,4
461837,3
467328,2
464025,4
460385,4
462551,2
462047,2
459958,4
461059,4
461227,4
466246,4
467048,2
467362,2
459846,2
460351,1
459515,4
460829,4
466559,4
467236,2
461816,1
467409,1
466299,2
464565,4
465906,1
460950,4
459649,4
461077,1
464642,4
463741,3
465253,4
459936,2
462998,2
464179,3
465655,1
462988,4
463933,1
462111,3
462747,3
462279,4
463383,1
459743,1
461762,3
464121,2
465051,3
460140,2
466197,3
460433,1
462953,2
462535,4
464735,4
464455,2
461675,3
466304,2
467041,3
464858,4
462040,4
460800,2
462081,4
463874,4
463525,1
465653,1
465905,1
465663,2
465225,1
465001,3
466905,2
465573,2
467008,3
463397,4
466238,4
462250,2
462611,4
465701,2
466242,1
466308,3
464039,1
459972,1
461801,1
462716,4
467218,4
460387,4
466441,4
462057,3
466991,3
461714,1
463465,2
467940,1
461970,2
459877,3
460784,4
460137,4
465201,1
465371,1
463929,3
461998,3
460828,1
461673,3
462666,3
462587,2
459583,1
459493,1
467949,4
462406,4
466827,4
463641,2
467294,2
460875,1
459183,1
464541,1
462959,2
459922,4
467935,4
461382,2
462521,4
463296,4
459705,1
459984,2
466051,1
463583,3
466100,1
461427,1
464193,2
467835,2
463000,1
462457,3
460426,3
466024,1
467031,3
467440,1
464377,1
465870,1
460095,3
463297,4
461790,3
467410,3
465904,1
459393,4
465771,2
462013,3
465620,3
459840,2
461460,2
466317,2
461962,2
466071,2
460796,3
467012,3
460357,4
460182,2
460491,4
466630,3
466331,4
463912,2
461728,1
463278,2
461746,3
465574,2
462170,1
460626,4
466678,4
464930,1
465447,3
467549,1
463718,4
467626,2
459058,1
461983,2
461207,2
467585,1
464604,1
462529,2
460475,4
463553,2
460912,4
461715,1
459567,3
462340,2
461834,3
459677,2
467911,4
462981,4
463055,2
461884,2
467834,4
463019,2
466996,1
459479,1
465565,3
459523,4
462369,3
463053,3
462139,3
460922,4
463706,4
465703,1
462796,3
459558,4
459716,3
460599,4
465775,4
465392,3
464783,1
459439,1
464356,2
459881,4
461772,2
460551,3
462248,2
465011,3
467898,3
464460,4
461397,4
464302,2
465458,1
467276,3
461129,2
467406,4
463140,1
460980,4
464666,4
464236,2
466898,2
462736,1
467952,3
461399,4
466320,2
465142,4
460334,1
460745,1
459812,1
465197,3
462068,3
463592,2
467352,3
465030,3
462095,1
460248,4
464286,3
464248,3
459167,3
462710,4
462731,2
464475,3
460108,3
467942,3
463264,3
462089,3
467756,3
461323,3
459563,1
467602,4
462562,3
461588,4
460894,1
459151,2
466417,1
466837,4
466918,3
464133,1
466101,4
464289,1
461936,2
459301,3
462284,2
463290,2
462413,3
466814,4
460996,1
459714,3
464829,4
467474,4
466134,3
460496,4
461995,1
466798,4
461086,4
459306,3
464919,1
461798,1
466987,3
459329,1
465174,2
460979,1
465272,3
460463,1
460246,2
463423,2
466992,3
461530,1
465101,4
464997,2
462255,3
462616,4
460968,1
465235,3
461818,3
463171,1
461634,1
462150,3
461503,2
463163,4
462358,1
460647,4
464888,1
461652,3
467062,1
467157,2
462509,3
465499,1
464913,2
465969,4
464922,4
463022,3
464704,2
462345,2
461439,3
461599,2
465705,3
461043,4
467551,2
464053,2
459282,3
461649,2
464389,3
464293,3
465320,2
463707,2
465436,2
465078,2
460568,3
459636,4
460129,1
465373,3
463966,2
460918,3
465954,1
465153,1
466502,4
460819,4
464993,3
463103,2
466302,2
464288,1
460240,3
459188,3
465411,4
465595,3
466021,1
461831,3
462556,3
467321,3
459327,4
461626,3
463337,1
467615,1
463597,3
463784,1
459513,3
465804,1
465103,1
464007,2
463060,4
461359,4
465014,1
459100,2
464083,3
464552,3
460218,4
460297,2
467171,3
464023,4
467929,3
461049,2
465049,1
460751,4
461690,1
464084,4
465644,3
459470,4
462700,2
465067,3
464247,1
459465,2
463894,3
466089,2
467227,1
459054,3
463609,1
466260,2
464283,1
465646,2
461103,4
464378,2
462661,3
460266,4
462983,1
459022,4
463231,1
465863,4
463557,1
467636,3
463539,2
459633,4
462304,2
467467,4
464871,2
462258,4
467813,1
459068,1
462701,2
466536,4
465668,4
460340,1
466820,1
462922,4
464130,1
462735,2
464412,4
464468,3
460173,3
463091,4
467213,2
461804,1
466649,4
460533,1
461892,4
463656,1
462850,4
460707,3
463122,2
467588,3
462552,1
466048,1
467845,3
459810,4
466572,4
464092,3
467025,4
466110,1
462353,3
459904,3
462011,4
462367,2
460220,4
461429,3
462668,2
461699,4
464885,1
460989,4
462156,3
460507,4
462875,4
461708,2
462137,1
459630,1
465897,1
465628,1
462321,1
460511,4
459225,3
467894,3
465076,3
467573,2
465266,2
462215,4
467131,2
460225,3
466360,2
465848,4
459043,1
463069,2
459795,1
464954,4
463068,2
464834,4
462908,1
464032,4
459307,2
462224,4
465611,3
466322,2
461548,1
461870,3
466966,3
465672,4
459317,3
464362,3
465683,1
462253,1
459421,1
461613,3
461168,1
459247,3
460770,1
465047,3
467013,3
465894,4
462702,1
465431,2
466386,2
464057,2
462186,4
463432,2
466753,3
465123,1
459965,1
466030,2
462582,4
461466,1
464380,3
466846,4
465184,3
459481,1
465136,3
466534,4
466411,2
462576,4
467704,3
465303,3
467703,4
465493,1
461322,3
461706,4
463629,2
465140,2
459308,3
459708,1
459179,2
462654,1
466256,2
465649,1
465652,4
460360,1
464472,3
467422,3
463116,2
460177,2
465081,3
467810,3
465063,3
466430,1
465713,3
462555,3
461615,4
461532,1
459175,3
463739,2
464339,4
465074,1
465282,1
460488,4
464554,3
462814,3
462073,3
459901,3
460858,4
461895,2
467308,3
467584,2
462622,4
460100,1
466591,4
462849,3
466410,2
464141,1
461564,3
463219,4
464009,2
460573,3
460951,1
467126,2
462924,4
462488,4
461640,3
465504,2
460902,1
459657,2
465054,3
464000,3
460324,1
462468,4
465245,4
467919,3
463716,4
463769,2
462327,4
463882,1
462282,4
459625,2
466740,1
461434,3
465404,1
462337,2
461921,1
463763,3
467749,4
463850,4
460381,1
460946,4
464329,4
467209,4
461897,3
462920,2
460994,1
462868,1
459964,1
462663,2
464116,3
467119,2
465042,3
464762,2
460009,2
460583,4
467827,4
463795,2
464313,4
459230,2
462245,3
462926,1
460743,3
464656,2
467656,4
460978,4
467684,4
467089,2
466091,2
464582,4
458997,2
466025,1
464507,3
459204,2
467521,4
462743,4
459245,2
463884,4
463860,3
459184,1
460201,1
464989,3
467782,1
464923,1
459364,2
462119,1
465132,1
463873,3
467633,1
462780,2
462445,4
460664,4
465992,1
463990,2
463128,1
460775,1
464118,4
459264,3
464069,1
465564,2
466387,2
462887,1
465977,3
462775,4
460286,4
466294,4
466037,1
466335,2
461933,4
466681,4
466605,2
461332,3
461610,2
467707,1
465158,1
459903,3
464021,4
463325,1
459660,4
466423,4
465585,1
462671,1
459603,1
463614,3
465152,2
460525,3
466108,2
465400,3
465681,1
466251,4
460417,1
460569,3
461162,2
463628,1
467817,2
460406,2
464122,2
459658,3
462757,4
459529,1
465920,1
463262,1
465631,1
467164,2
467859,3
461703,1
466097,1
464390,3
465423,3
461337,3
463888,4
460390,1
465286,2
460294,4
461248,4
464336,3
467595,4
466406,1
465092,3
459492,1
461426,3
467022,4
467330,3
461320,2
466283,2
463705,3
465821,1
467457,2
466543,1
463772,4
459757,2
464452,3
463839,2
464368,2
466923,4
459878,3
467279,4
465604,2
460787,1
466240,4
466621,3
464619,2
467404,3
461314,3
463340,4
467870,2
462200,2
465591,1
460812,1
467105,2
462037,2
461726,3
463577,3
463038,4
464928,3
467312,3
464887,3
460555,3
461329,3
459648,3
460835,1
463827,2
460868,2
467485,2
467351,3
465864,4
467232,1
466855,1
467238,4
463654,4
459047,4
464363,3
462565,3
463226,1
467671,3
460374,3
463077,3
462719,2
459729,4
459084,2
467924,1
465439,3
466712,2
460983,4
464008,3
461702,1
464312,1
462818,3
466045,2
461889,3
467945,3
464322,1
465637,4
462058,1
462500,3
466948,2
461606,1
466184,3
466014,1
462890,4
464909,1
459554,4
462429,1
463605,4
464608,3
459597,3
464497,1
467150,1
466829,4
463506,3
467448,1
462852,4
462072,1
463211,1
464059,1
463746,1
465671,4
461729,4
464849,3
466434,2
467305,2
466270,4
463479,4
467471,3
459159,1
465980,1
467528,3
461278,4
466964,3
460607,1
462825,2
459899,3
460936,2
458991,1
460028,4
464281,1
463443,3
460949,1
459044,3
460786,2
465968,1
460039,4
462892,3
465050,2
461793,4
460781,4
463649,2
466969,1
462030,3
463735,3
464134,1
460195,4
466643,3
460418,1
461303,3
467049,2
459674,4
466910,1
466459,2
463085,1
461533,4
461187,4
461432,3
463978,3
459383,4
464020,4
467394,3
464539,1
461529,4
464943,2
466147,3
466263,3
461812,1
466848,2
467933,4
463957,3
462175,1
465818,2
467190,2
467848,2
462249,4
459311,3
462610,4
467309,2
467365,1
461913,1
462617,4
465485,4
461316,3
461079,1
465120,4
464671,4
465367,2
467088,1
463887,3
460250,4
465316,4
464713,2
465764,4
467080,1
460683,2
460042,4
463025,1
462179,4
464799,4
461934,3
459146,1
461448,3
466419,2
465443,1
459105,3
463232,4
464737,1
467922,4
465329,3
466512,4
466339,4
462870,4
464335,3
461353,1
463920,4
463712,3
464663,4
465000,3
467500,3
461536,2
464296,1
463142,2
461004,3
462323,3
467899,2
461941,3
461383,2
466616,4
464658,2
460699,1
460180,1
462683,2
464988,3
466593,1
464542,4
465678,1
467862,3
459394,1
460091,3
461260,4
463632,3
460047,1
460378,1
464758,2
460931,1
463240,1
459698,1
461598,1
465979,2
463974,3
466231,3
459833,3
462886,4
465998,4
466942,4
466310,2
467617,1
459975,2
464386,2
462005,3
465859,1
464394,1
466120,4
460964,1
461975,1
462172,4
464563,2
464945,1
463688,2
461750,2
464400,4
463052,4
461372,1
463367,3
467926,3
461483,3
467355,4
466416,4
460330,1
466789,2
466679,2
459362,1
466128,1
462474,1
459782,3
463113,4
466683,3
462103,1
459227,1
467761,2
459163,1
462455,4
460178,1
462803,2
460427,3
466343,1
461583,3
466461,4
462740,2
461355,4
465009,3
467658,4
462837,4
463907,4
462728,4
461175,2
464872,2
460830,2
459741,2
461154,1
464990,2
467886,3
459201,3
463357,4
462380,1
459884,4
461651,3
465336,1
461338,3
460485,2
467901,2
463713,4
464278,4
459595,3
461419,2
465767,2
460598,1
460714,4
461584,2
462066,2
463369,2
466586,4
464649,1
463209,3
466298,1
463904,4
462208,2
461755,1
466872,2
467104,4
463476,2
463953,2
462202,1
467830,4
461770,1
466525,2
462349,3
463964,3
459353,3
459709,3
461858,4
460450,2
460780,1
465105,2
460445,4
462961,2
463932,2
465651,4
463721,2
467369,1
461361,4
464793,1
459006,4
460204,1
466762,2
464318,4
465416,1
462117,4
460710,1
460098,2
465787,4
463365,4
464042,2
467627,1
464720,4
461123,4
465413,1
465126,1
465950,1
466734,2
466222,3
466142,1
467888,2
461992,1
459973,1
460695,1
464260,3
464140,2
465606,1
459050,4
462330,2
459940,2
466352,2
463558,3
460049,1
464148,3
465503,4
465082,1
459832,2
464609,3
466864,4
461458,2
459218,3
462860,4
462033,1
467695,4
463090,2
459219,3
466359,4
466088,2
462822,4
459076,3
463879,3
462827,1
461500,2
461553,1
467912,1
465029,3
460062,4
462863,4
460465,4
460335,2
466067,3
459807,1
463364,2
463599,3
462949,2
460275,1
462416,2
460846,4
459542,4
459080,4
463106,2
464728,4
466474,1
461711,1
460347,3
467689,4
460260,4
466344,1
466437,4
460423,1
459590,4
464668,4
463049,1
462407,1
459450,1
463255,1
462574,4
465761,1
467728,2
465841,1
460117,4
466619,3
461722,2
460898,2
463627,4
460403,1
459818,4
463732,4
467112,2
459902,3
463233,2
467721,4
465915,2
464506,4
460624,1
462020,3
464320,1
461561,3
465953,4
463309,2
459134,3
464195,1
466504,2
466792,1
463837,2
465384,2
462050,4
465268,2
461370,4
464225,3
466665,1
462290,2
459326,4
464926,1
460343,2
463626,4
464266,1
464491,4
463440,3
463602,4
464706,4
460313,1
465497,1
465846,1
463374,4
462704,2
462160,3
461365,4
464205,2
459294,4
460318,4
467967,1
461797,4
462980,3
462361,1
461855,3
467522,4
463327,4
459824,4
461051,2
461142,2
461521,2
467792,4
464654,2
459111,2
466473,4
460046,2
466698,4
459927,4
467057,1
466052,4
464210,1
465873,4
459802,3
464817,1
460845,4
459072,3
465694,1
466381,3
460947,3
467338,4
467189,3
466456,1
463805,3
462427,3
466906,2
461842,3
462400,2
466598,3
466940,4
461754,2
461376,2
462025,4
465720,3
466354,4
463857,2
465849,1
464100,4
461444,3
464711,2
465349,3
463407,4
466632,3
464641,4
462154,3
464754,1
460167,3
461987,2
463259,1
461628,2
459126,2
465143,3
460860,2
467629,2
461720,2
460086,3
465832,2
467070,4
463541,2
462431,1
461387,4
461693,2
466010,1
465674,1
459405,1
465989,4
465598,4
466093,2
462773,2
465763,4
462958,4
467056,1
461990,3
464480,3
461318,3
467398,1
464222,4
465427,1
460652,4
463642,2
462672,4
466112,2
459831,4
463027,2
462467,1
461469,3
467051,4
465928,4
462491,3
460642,4
460988,3
461108,4
463329,4
466153,3
467027,4
466710,3
465616,3
463173,2
465779,4
465826,4
463575,4
466075,2
461723,3
460783,2
465962,1
462781,3
466020,4
461502,2
463280,1
466936,3
460552,3
459345,2
464256,3
467097,2
462571,4
463765,4
460152,3
459587,1
460995,4
465426,2
461452,1
460797,1
466618,3
462168,2
465338,3
463501,3
459726,2
463516,3
463359,4
463488,1
465872,1
460588,4
460236,4
460802,3
459467,3
466953,2
459086,2
460827,4
464272,1
461063,4
467302,4
461935,3
459089,2
462365,2
459628,1
467332,2
460443,1
462195,4
466228,2
467589,4
466107,3
466452,4
467074,3
464233,3
462225,4
465970,2
460094,1
467428,2
465623,3
467516,1
462975,3
462389,2
461556,1
465964,4
460724,4
466787,1
467256,2
466742,1
466017,2
459679,4
465930,1
460175,3
466725,1
465095,3
465452,3
463213,4
467653,3
463218,1
461289,4
459983,2
462363,4
461509,2
464064,2
460545,4
459303,2
462635,1
464456,3
465106,3
467605,1
466116,3
467176,1
459400,2
460320,3
466454,1
467028,4
464827,4
464501,1
463715,3
461028,4
466766,3
462475,2
465770,2
466823,2
467083,1
464080,3
466503,2
461847,1
461447,3
459982,1
463316,1
466758,1
464307,3
461344,2
463353,2
464324,4
459288,1
460050,1
464994,3
464903,1
463165,1
465981,1
465281,3
463781,4
466569,1
466547,2
464631,3
465957,4
459848,3
461642,1
467259,2
463439,2
464764,1
467073,4
460480,4
464419,3
463686,1
459411,1
463774,1
463671,3
466986,2
465508,4
465351,2
464001,3
459483,1
466013,4
466490,2
463665,3
463459,3
462756,2
463915,4
463543,4
462768,2
461876,4
462135,4
458998,4
466432,1
460389,4
460663,4
467771,3
462084,2
463621,1
467021,4
467563,3
467306,3
464865,1
463585,4
466186,3
459619,4
466699,2
465517,1
459237,1
461757,3
466309,4
466532,4
460832,4
461531,1
467304,3
461463,2
464566,1
462070,2
466554,4
462793,2
465657,3
460530,4
464045,3
462905,3
466254,1
460617,4
465468,3
466125,2
465207,3
463332,3
459924,3
466375,3
462951,4
465654,2
460987,4
461681,4
462820,3
467525,4
465876,1
464199,1
462746,2
463261,2
467548,2
460924,4
463368,3
459957,1
459191,2
462479,3
466570,1
459407,1
467331,4
463377,2
467456,1
464029,4
466056,2
465002,3
459961,1
466109,2
461543,1
459502,3
461942,4
459872,1
467040,4
465079,1
467697,1
466555,4
463457,2
462653,1
461390,3
460217,2
463684,1
463764,3
465310,4
462489,3
459737,3
465357,3
461747,2
464323,1
467248,3
463265,3
459946,2
463161,1
460790,3
460864,4
461039,4
460299,2
462378,2
463081,2
460923,3
462120,1
463980,3
466695,1
465833,1
467490,2
459765,1
464561,1
459409,2
462864,4
461009,4
459117,3
464131,2
464079,1
465375,2
461637,2
459252,1
461438,3
463956,4
459892,1
463148,3
460862,2
460382,4
461650,2
467501,4
467319,1
459604,4
463554,3
467652,4
465298,3
462494,4
467344,2
463442,4
464360,2
462505,4
459914,4
461255,4
462360,3
466571,4
464575,1
465650,1
464640,1
465216,3
463927,1
460265,2
464178,1
461586,2
461764,1
459297,3
459548,1
463452,3
467767,4
465927,4
465857,2
460581,1
459501,1
466670,2
460678,1
460230,3
463653,1
463726,2
467249,4
465533,2
462297,2
460596,1
467709,4
467413,2
464672,1
465807,2
466529,1
464434,2
464802,1
467643,1
461977,3
464520,4
464484,2
465391,1
460611,3
466159,3
463623,3
463594,3
465118,3
460761,3
459132,4
461265,4
463446,3
460591,1
464139,4
466433,2
459023,4
466476,4
460090,1
461016,4
464630,1
462464,3
459026,4
464376,1
467478,3
463094,1
463257,4
465060,3
461696,2
466130,4
460498,2
459248,2
462620,4
462657,1
467822,3
460876,3
461395,4
460731,3
463582,4
461423,2
460879,3
467376,3
463701,3
466667,4
464345,3
467889,3
461709,3
463515,3
460080,1
460375,3
466364,3
460896,1
460702,2
466001,2
465738,2
460804,1
464426,4
465880,1
461342,2
459078,2
460396,4
461098,1
463076,3
460976,4
460399,4
460449,4
463807,2
463263,2
462608,1
465495,1
461244,4
459173,3
465795,3
467345,1
462220,4
465737,4
459423,4
464445,3
461378,2
462286,2
463678,2
465714,3
466312,4
459697,1
460057,3
464960,4
459064,4
461277,1
463403,4
463863,3
467064,1
467856,1
462251,3
465372,1
463970,2
463547,2
460785,2
461788,3
461617,1
460661,4
461568,3
466615,4
462109,4
462766,4
459690,1
459347,2
465766,1
467575,3
459774,4
464932,4
461814,1
463428,1
464451,2
464043,3
461784,4
463389,3
462233,4
465121,2
466168,2
467342,3
464962,2
460874,4
463247,1
465774,4
463551,3
464502,1
461407,1
466081,3
467336,3
462440,4
459389,1
466446,3
464385,2
467872,2
459857,1
466701,3
461169,4
460795,3
464511,4
466399,1
466079,1
461490,3
460895,2
465104,1
467503,3
460316,4
467198,4
460348,3
467460,2
466838,4
463561,1
466170,3
463578,4
461352,4
465814,2
463809,2
460701,2
461592,2
467692,2
459033,2
466424,1
459937,1
466404,1
459944,1
464073,4
462169,2
463032,1
467374,2
459269,3
466769,1
465792,3
462280,2
464616,1
465202,4
464384,3
466655,3
466600,4
467815,3
464966,1
467803,2
466810,4
459896,3
464862,4
461751,3
465157,2
464652,4
466401,1
461902,2
463164,3
461660,4
466054,4
464725,1
463507,3
465888,1
466103,3
461261,1
462203,1
463303,2
462997,3
460338,4
460000,1
460122,1
459350,2
460676,1
463179,1
461137,1
467555,4
464211,2
461413,2
467660,3
461193,4
460772,1
465702,1
467006,2
466927,4
464107,3
460605,4
459847,3
460906,1
459720,4
463294,2
465209,3
461222,4
464813,2
463777,3
461672,1
459662,1
466515,1
464946,4
460880,1
459537,1
463635,1
467650,1
467891,4
459052,1
466439,4
460758,1
460172,3
466657,3
461381,1
464275,4
463571,2
460017,3
462171,4
460436,1
459527,2
466851,1
466133,4
459678,4
464012,1
464897,4
463593,3
464559,4
463572,3
466496,2
461132,2
459165,3
461073,1
467868,2
459825,4
463300,1
467532,1
460143,1
463436,2
465090,2
466809,2
466924,4
466719,1
460141,2
467936,4
465799,3
461745,1
465548,1
461810,2
460024,2
461862,3
464676,3
466465,1
462067,4
460549,2
466732,2
467579,3
465824,1
463343,2
466756,3
462386,2
467402,4
464976,4
464983,4
466974,3
462866,1
466453,1
463651,1
463555,1
464314,4
461350,4
462354,3
462145,4
461041,4
461946,3
466105,3
467598,1
464639,2
465791,3
464418,2
460782,1
467425,3
461986,2
465554,1
467030,1
461753,2
464142,3
467047,4
461863,1
464176,2
463989,4
462356,1
459871,1
466889,3
465948,2
462002,4
462592,1
465816,1
464343,2
459692,3
463206,1
467565,3
459520,2
464120,1
462398,3
463194,2
462974,4
463414,1
460958,4
467540,3
466562,4
459195,3
463948,2
464949,1
461969,1
462127,3
467512,2
461366,4
464674,2
460540,4
459228,3
462615,4
460712,4
462945,2
459200,3
465087,2
467760,3
464726,1
462146,3
464188,4
461718,2
467667,1
461997,2
460361,2
460315,4
467739,3
463937,3
462598,4
467742,2
462918,1
465308,2
463396,3
466967,1
465145,3
466611,2
463117,4
462056,1
465514,4
460310,4
461662,1
464448,3
461473,3
461587,2
459021,1
465861,1
465874,4
460325,2
460333,1
467043,1
467262,4
462180,2
462681,2
465461,3
459356,1
459216,1
465283,2
467450,3
465296,1
463870,1
467550,1
459917,2
463037,2
461209,4
461524,4
465038,1
461849,1
459654,2
463620,4
461743,3
466994,3
467210,2
466946,3
462189,2
466011,2
462162,2
463977,2
465232,2
461018,1
465607,2
467801,3
465858,1
467117,1
462762,2
462973,2
466551,2
461569,3
459253,3
467755,3
459943,2
465480,1
466029,1
466806,4
466214,3
462782,3
461479,3
460494,4
460565,3
465247,4
465993,4
460170,3
463200,1
458986,4
467390,3
459349,3
467144,1
460750,3
463386,2
463770,4
459434,3
467417,3
461048,4
461428,3
461213,1
461565,3
462213,4
467716,2
460285,2
461455,2
467920,1
467244,4
462976,3
467669,1
461589,2
463269,1
464815,2
463587,4
467200,3
462436,4
463207,3
463853,2
459443,2
466489,3
464388,4
466832,3
464496,1
465271,2
467621,1
464050,1
462339,1
464844,4
464681,4
464963,2
461422,2
460853,3
461505,2
466398,4
467109,4
460350,4
466863,4
459767,4
465640,3
463631,4
467797,3
467818,3
459120,4
463326,4
466493,1
464396,2
463946,4
466687,4
467908,2
461062,4
466526,2
464423,3
465284,4
463530,4
462415,1
460066,4
464242,4
460083,2
461669,1
461060,3
459198,3
465362,2
464678,3
464514,1
463848,3
462495,1
462144,1
461000,1
459319,3
467581,4
463669,1
460604,1
466645,3
459715,4
463828,3
467438,1
463031,2
465219,3
467497,4
462112,4
461773,2
465178,2
465599,3
460261,3
465139,4
465786,4
465847,1
459977,4
461242,4
464995,4
461508,1
459174,2
465852,2
466892,3
463693,3
464190,4
459391,4
462390,2
461343,2
459661,3
459854,3
458995,2
459751,2
466951,3
459971,1
465370,2
462178,1
463277,4
461836,3
466836,4
461443,3
459222,3
459549,4
462292,1
467505,4
463992,2
459560,2
464944,2
459333,4
467286,4
459011,1
467076,2
462577,4
459900,3
462990,4
464625,2
460012,3
459968,1
465522,2
461575,3
460001,1
460778,4
460700,2
460616,3
462665,3
461945,3
465798,3
465134,2
462893,3
459208,3
461896,2
459868,3
464568,2
462492,2
467559,3
464277,1
462798,3
461924,2
463630,1
462173,1
463569,4
460044,2
461026,2
467224,4
462879,1
459591,3
459133,4
465465,2
460231,3
461111,1
459203,2
463540,3
461971,2
467183,2
466548,2
460747,3
459721,1
463204,1
467618,4
467903,1
466249,4
464467,1
461138,2
463392,2
463017,1
463908,3
464154,3
461272,2
461765,1
467099,1
464151,4
461304,3
461457,1
463510,1
465519,1
461092,1
461180,4
463028,4
461276,4
460940,1
462955,2
467725,4
465217,1
463657,2
465851,1
466561,4
459577,4
466818,2
464543,1
467649,2
466016,2
462547,4
462963,3
466305,2
462631,4
460706,4
460282,4
459041,4
460114,3
460147,3
462123,3
465768,1
463236,4
462487,3
463954,4
466609,3
461741,2
464416,1
465428,1
464632,4
462554,3
464889,4
465490,3
465909,1
465117,3
459085,1
464709,4
460572,3
464612,1
465424,1
463248,4
464155,2
467424,4
465220,2
463004,3
463315,2
466498,4
463234,4
462453,4
467111,2
466355,3
463230,1
465018,1
464940,1
465294,4
461525,4
460058,2
464692,4
466342,3
459214,3
464243,3
467273,2
466187,3
466421,4
461541,4
462709,3
466233,3
461881,1
466371,4
467717,2
466031,1
467039,1
464334,4
459185,4
460580,4
464808,1
465583,1
462042,4
461776,2
467251,3
464937,4
464072,1
460836,3
467323,3
464245,1
459030,3
460926,2
463803,4
466540,4
467699,3
465773,4
464984,4
466215,3
460508,4
460229,3
459289,1
461853,4
464513,2
465806,1
463534,1
467053,4
466839,4
466510,1
464299,1
463773,3
462133,1
460848,1
459324,4
467214,4
462009,1
464929,2
463149,3
463447,2
462088,3
459992,2
462270,2
466711,2
459614,2
459850,2
460665,4
462841,4
461761,3
461573,3
463199,1
465317,4
464596,2
466059,1
463104,1
459990,1
463330,4
467212,2
462266,4
462838,2
460159,2
460974,4
459919,2
467381,2
461707,3
462461,4
459533,1
461091,2
466467,2
462476,3
464357,1
459915,4
463319,2
466323,2
459363,1
461794,4
462563,3
465922,4
464341,1
464294,3
461923,3
462880,2
464402,1
466841,4
464536,1
462765,2
461364,2
465836,4
465208,3
460416,4
459787,1
464276,3
460560,3
467449,3
467625,1
460559,4
463847,3
464669,4
461393,3
464149,3
461777,1
464505,4
463345,4
459609,1
465412,4
465195,2
462550,4
466896,3
463851,3
464399,3
464782,4
465624,3
462508,4
462872,4
467535,1
465793,3
465892,1
463666,4
459015,4
466189,3
466348,3
459461,3
460620,3
463318,1
462626,2
467554,4
466651,1
466885,2
467439,1
461749,4
467134,4
462753,4
463537,4
463217,1
466380,1
463101,4
466366,4
465716,3
463014,2
462443,4
460453,1
466485,1
467445,1
463500,1
461507,4
465918,2
467533,4
467029,3
465749,3
460768,1
460146,1
464998,3
467715,3
462201,4
467454,1
460645,3
465129,1
464264,2
465913,2
461068,4
466689,3
460071,1
460477,4
467766,3
460008,1
461820,3
459226,3
460961,4
463503,1
460404,1
461571,3
467624,4
463880,2
462846,4
459233,4
465939,4
467118,2
463815,3
459127,4
460165,1
461678,1
465096,1
464522,4
460886,2
462184,4
462956,2
466422,4
465324,2
467257,4
460254,2
463158,2
467866,3
461685,4
460208,4
462151,2
462853,4
465239,2
467508,2
466867,4
467738,2
465590,1
459805,2
465013,3
459240,1
462344,3
460388,2
464218,1
465955,1
462928,3
460889,2
459669,2
467849,1
466873,1
464837,2
462581,1
466237,4
462707,3
467060,4
460281,4
460164,1
460431,4
466901,3
463328,4
462246,2
462371,4
462022,2
460662,4
464022,4
461819,3
465735,2
462804,4
464138,2
464224,2
463289,3
462038,1
463341,1
463185,3
464379,2
464521,2
459575,1
460003,4
462226,1
466675,3
461124,4
464638,2
462374,2
463526,1
462912,4
462604,1
460708,3
467015,3
467245,3
463619,1
467246,4
462969,2
460959,3
461911,1
459882,2
459632,4
462613,4
466455,4
462394,3
462010,1
461371,1
462376,2
459845,4
462583,4
459858,4
459091,2
467135,3
460413,2
466206,3
467382,3
463801,1
460296,1
463524,3
461775,2
462833,4
465506,2
463366,4
464987,2
459114,3
467928,3
462881,2
466524,2
463191,4
460861,4
465610,3
460206,2
462876,4
465333,3
460379,1
462991,4
460307,4
464383,3
467931,4
466594,3
461200,3
465600,2
459688,2
463549,4
466696,3
462906,4
461527,2
461354,2
461661,3
463532,2
465627,2
465242,4
465170,3
467359,3
460415,1
459432,1
467141,1
465035,3
461415,1
461957,3
465523,3
465279,1
463782,1
463243,4
465489,1
467100,2
460154,3
464030,4
463220,2
467564,2
465113,3
465965,1
460907,1
467314,3
459951,1
467295,3
466212,3
463533,3
467890,2
467541,1
460183,4
463634,1
463100,4
460550,3
465867,2
462964,3
466685,4
463005,2
464796,1
460682,2
459744,2
460084,4
461119,4
463441,3
466971,4
463208,3
467877,3
464471,4
467360,2
461576,3
461966,3
463398,3
466096,2
461082,4
465942,4
464354,1
464252,3
463463,1
465592,2
462214,4
466707,2
459956,4
460847,1
462816,4
461979,3
467170,1
462609,4
466332,4
459594,1
464147,3
464119,3
463310,1
465706,3
466174,4
463596,3
465455,4
462867,1
459140,4
464295,3
460067,1
467222,1
461482,3
463722,3
462278,3
463799,2
464259,2
467159,4
462003,4
464298,1
465039,2
467973,1
461721,4
463166,1
465944,1
461061,2
463010,4
464756,2
464006,2
461206,4
466216,1
463690,4
465929,4
461736,3
460402,1
467367,2
464918,4
461639,1
464254,3
462579,2
466976,2
467079,2
467724,2
459792,1
464789,2
467143,4
464370,2
459415,1
459387,4
467895,3
459838,3
463695,1
464512,1
467419,2
462511,3
464124,2
466194,1
461807,4
460456,4
462932,1
461297,3
464430,3
459416,1
464743,2
466276,4
467829,4
463813,1
461733,2
466925,4
467846,3
459596,2
460597,4
467788,4
467966,4
464503,1
460242,3
467014,3
466637,3
462553,2
459287,4
464074,3
463734,1
466575,3
459193,1
462143,1
467140,3
463356,4
466797,4
459234,4
460442,2
463901,3
465494,2
459239,1
466379,3
464759,1
461994,4
461802,2
462527,3
461800,2
460933,1
460189,4
459031,2
464673,4
459101,2
460136,4
460973,4
460187,1
459700,2
464787,1
462614,4
460813,1
462698,1
463344,2
463633,2
462317,4
467353,1
464553,2
463518,1
459711,4
460788,1
459392,3
467887,2
467743,2
460368,3
463126,3
467046,1
462439,4
464182,3
464810,1
464234,1
464683,2
463349,4
465866,4
465261,4
459780,1
462031,3
463941,4
466842,4
459014,4
462420,3
465250,4
466513,2
461791,4
464586,2
461391,3
466658,4
459728,3
462219,2
467553,4
459655,2
462182,4
459119,3
460721,4
459517,4
461441,3
465390,4
466160,3
463842,2
465902,4
467034,1
465747,3
464203,2
462373,2
465364,1
464280,3
460993,3
464227,3
461141,1
467282,1
459790,3
464670,2
461136,2
460283,1
460337,4
463275,4
466861,4
463177,4
461874,1
462506,3
466868,1
461253,4
461830,3
464748,2
461904,3
467562,1
465168,2
459162,1
462831,4
465576,1
464474,1
465169,2
460235,4
462580,2
467313,2
460400,1
463406,3
459135,3
462972,2
466284,3
464410,3
466005,3
459206,3
461156,4
465515,2
460883,2
465380,4
461218,4
467186,2
461859,3
467821,3
462525,3
462787,1
459055,4
462605,4
461252,4
464340,2
461872,2
467423,2
463865,2
458984,3
459142,3
466389,1
460632,4
465626,3
461768,3
462242,4
466949,2
465479,4
464845,1
465066,3
466817,2
466436,2
467974,2
460341,4
467463,2
466235,3
466094,2
461451,1
460473,2
461786,3
466745,2
460124,1
459910,2
464082,1
461487,3
465188,2
467255,4
466993,3
464403,3
461518,2
464848,2
460715,1
466963,1
466508,2
460125,2
462325,2
461537,2
461679,4
463559,2
467018,3
466104,2
467825,3
466599,3
466724,2
467881,1
462578,2
459177,1
459232,3
467019,3
462122,2
459776,4
466074,1
461528,1
464375,2
460138,4
460232,4
464444,3
467783,3
460497,4
465124,1
464602,4
465581,1
462750,4
461258,3
464958,2
462268,2
460920,3
463816,2
461712,1
461846,2
464315,3
467607,4
465224,4
463181,2
467932,4
466876,3
464071,2
464202,1
467163,4
461932,4
467280,4
463658,3
460579,1
462310,3
460321,2
464537,1
467346,3
466126,2
464058,4
462232,1
463034,4
459543,1
459635,4
464097,4
466930,1
463866,3
465387,3
463246,1
462241,4
463283,2
466983,3
462812,3
462496,1
460405,4
460757,1
466546,2
459138,3
459194,3
465043,3
461435,3
467677,4
463279,1
460395,4
462308,2
461309,4
459310,4
459786,1
467215,3
460613,3
461682,3
465605,2
463896,3
463323,4
464033,4
465456,2
467831,3
464285,2
465697,3
465199,1
466057,4
467327,3
460495,4
466180,2
467954,4
467915,3
464786,4
459220,1
461196,4
465069,3
464959,2
460537,1
461019,4
461686,2
459263,4
462947,2
463875,1
459704,2
467741,4
464978,2
465191,1
459459,1
467458,4
459223,3
462296,3
466625,3
462043,3
466777,3
459959,4
462470,2
460805,1
460026,4
463244,2
462032,3
467291,4
467847,1
462243,1
466626,3
464372,3
465005,3
466185,3
462165,4
464740,3
463753,4
459852,1
460777,4
463202,4
466973,4
459217,2
462265,3
460455,2
462402,4
459386,2
461526,4
461538,2
460736,3
459859,1
466252,2
462240,1
466920,4
466293,2
461517,2
466763,2
460822,1
466715,3
460045,2
467723,4
466664,1
464867,2
459742,3
463768,1
465636,4
467639,2
464760,2
462024,3
464730,4
465823,4
465546,4
460460,2
467202,1
467184,4
465327,4
466072,4
466086,3
459343,1
459224,3
465473,1
466887,1
463682,2
460963,2
467033,4
463883,2
466716,3
464251,2
463843,1
461476,3
467787,4
463130,2
467722,4
465241,4
460345,3
463512,2
466255,3
463449,4
459276,4
463644,4
466253,4
461717,1
462733,3
466146,3
461866,4
459876,2
461869,2
461228,4
462962,1
465869,1
464181,4
459740,4
462774,4
464567,4
459271,1
460990,4
463802,2
466672,3
462919,1
463153,4
460464,4
461375,4
467956,2
467024,2
461146,3
462388,3
460355,1
461854,4
458985,4
466356,3
460078,4
464969,1
461769,2
463548,4
467116,2
461577,3
460740,2
466844,4
460150,4
463242,1
466833,2
460371,3
465180,3
461279,1
459109,3
467519,4
461398,4
467188,2
459318,4
461823,3
459732,1
461317,3
461459,1
460429,1
464577,4
466552,1
461231,4
463650,4
462674,2
465275,4
465684,1
465492,1
464510,4
463588,4
466341,3
459397,2
460888,1
460272,1
460612,3
462227,2
467892,4
461012,4
463003,3
467592,1
462366,4
465908,1
463400,4
467075,1
462087,1
462522,2
459615,1
467794,4
461040,4
466443,2
463975,2
464063,4
461326,3
467196,3
461633,4
462045,2
466289,4
463562,3
460089,2
459336,1
467350,4
463565,4
463905,1
467269,3
464934,4
463923,4
465445,2
463661,2
459370,4
466019,3
467107,2
461683,2
459053,3
466894,2
460005,1
467969,3
463120,1
466106,3
461976,2
460885,2
463692,4
467674,3
465982,2
464349,3
463881,2
462247,2
463886,3
460304,4
466458,1
462449,4
467558,3
467247,4
461663,4
459571,3
459385,3
466191,3
465062,2
467108,4
466957,1
463298,1
461155,2
466650,4
464633,4
464469,2
465319,4
462041,4
459539,4
466158,2
460430,4
461953,4
467546,2
459667,3
461373,2
464587,1
467811,4
464333,2
466978,3
461705,4
461161,1
467860,2
462409,1
461093,3
466350,3
460512,1
462320,3
465355,3
462877,4
466259,4
462424,3
459028,3
463708,1
461405,2
466656,3
464409,1
463754,4
464628,1
466754,2
465023,3
466954,3
460274,3
466507,2
462281,3
462930,2
465125,1
464127,2
462164,2
463949,2
460380,4
461324,3
463482,3
465723,4
467948,4
464473,3
467325,2
462017,1
463152,3
462174,4
461511,2
464095,1
460096,1
462129,2
464111,4
463699,2
466307,3
459980,1
467115,2
464261,3
462098,2
460002,4
467322,3
466633,3
460966,2
461084,2
461165,1
461454,2
459284,3
461116,4
462362,2
464325,2
460063,1
460727,2
463317,1
459320,4
464457,2
463702,2
463890,1
467420,3
466878,1
462660,1
466691,4
463182,2
463321,4
462532,4
464588,2
467436,3
465260,4
462895,4
463168,3
466853,2
464840,4
460135,2
464814,4
464856,1
463083,4
461283,4
466181,3
462465,2
464780,4
465385,2
464270,1
467807,2
466118,1
460068,2
460937,2
459550,4
461539,1
464228,4
461593,3
461949,1
466171,1
462682,4
463384,4
460584,1
459433,4
467452,3
462121,3
464890,1
461172,1
461268,2
465731,1
462861,4
458989,2
463527,1
463293,4
465166,4
460194,4
462711,3
467769,2
461898,3
460840,1
466607,4
462939,1
465698,1
461240,4
461357,4
459512,2
467775,3
462871,2
464454,3
459074,3
462539,1
460133,1
461780,1
466945,3
463922,3
466328,3
466195,4
462300,3
460412,4
467823,3
467726,3
460134,4
463237,4
466770,3
464198,1
459344,3
464152,2
464104,3
461034,4
460755,4
465019,1
460060,1
465739,1
461695,1
466297,4
465544,1
466207,3
462397,3
460014,4
460202,4
459834,2
460048,2
464546,1
467737,1
463936,2
467784,3
467067,3
465661,3
463745,1
466706,3
467816,3
466418,4
467882,2
465498,1
461070,4
467403,2
464382,3
465449,2
465190,3
467310,2
463131,1
467301,2
466202,3
459945,3
465187,3
460253,2
463216,1
465615,3
462055,1
465234,3
460720,2
467582,2
466046,1
467622,3
462664,1
461731,2
459061,1
461396,2
464900,4
463445,1
463824,2
459451,3
463674,3
460119,4
465227,4
467610,2
465159,1
465956,1
462422,1
466266,3
464573,2
463306,2
462065,4
463456,2
459779,1
466663,1
464504,4
465262,2
466205,3
464128,2
460482,2
466055,2
465511,1
467527,2
460927,4
464172,2
461442,3
459851,2
466179,2
459019,3
463274,2
459606,3
467418,3
461547,2
460811,1
463891,1
467534,3
462748,3
459380,1
466783,1
461134,4
465741,3
464785,1
464902,4
464271,3
467408,1
461822,3
459378,4
463818,2
460644,3
466743,1
464212,3
463709,1
466145,3
465679,4
464436,1
459094,3
466183,3
461102,1
462211,4
465687,1
465742,3
466324,1
461827,3
459442,3
460424,1
461170,1
465931,4
466800,4
462869,4
462678,3
464701,1
467125,3
461190,4
461691,4
461208,4
460052,2
464999,3
462191,2
467045,1
462558,4
460342,4
466647,3
459038,4
460074,1
465016,2
466230,2
467096,1
467059,4
463023,4
464557,4
464733,1
459799,2
466808,1
459321,2
464035,3
466975,3
460270,2
465529,1
464246,3
465639,4
464346,3
460953,4
464556,1
467762,3
467128,1
459503,3
466402,2
466834,1
467710,1
463227,1
464779,1
462883,1
459018,4
466774,3
459920,2
467906,4
460386,4
467069,4
465025,3
462650,4
459510,4
466229,2
466856,1
461623,2
461839,3
467883,3
460038,4
467744,4
462385,3
462916,3
463339,2
460981,1
458993,1
459966,2
459538,2
465975,1
464600,2
465760,1
466577,4
467324,4
464387,2
462481,1
465365,4
463762,1
460914,3
466123,1
460506,2
463066,4
465110,4
461445,3
466330,3
461578,3
465568,2
459130,1
459629,2
463892,1
461950,4
463499,1
467946,2
462679,4
459181,4
463612,3
463393,2
465527,4
462316,3
467510,2
466049,1
465211,2
460367,2
464585,3
463698,2
462114,4
461856,3
464593,2
459643,2
460213,4
461046,2
463409,2
463299,2
465719,3
463448,2
466248,2
463205,4
465648,1
467774,1
465525,4
467776,4
460850,2
463919,4
460809,2
465708,3
467138,4
459003,3
464479,2
464204,3
460073,2
460289,3
464052,1
459069,1
465800,3
461497,2
464005,3
459588,1
459476,1
464432,4
462264,3
466257,3
460121,1
463640,4
464462,3
461024,1
464229,4
466680,4
466063,2
465205,4
467476,4
463724,2
465868,4
466148,3
464273,4
466641,4
467044,4
461312,4
464450,2
467900,1
467651,4
459686,3
466985,1
465258,4
467718,4
460288,2
461991,2
460128,4
466614,4
462573,2
465346,4
465022,3
459931,1
464708,4
462303,1
464114,1
463638,2
466223,2
464560,1
459106,3
461492,3
462185,4
463967,1
462421,1
467587,3
460401,1
460372,3
464086,2
464705,1
463791,2
461514,2
459251,2
462923,1
461017,1
465700,4
460113,3
466073,1
463201,4
461345,4
461939,1
467552,3
461882,3
467800,3
465997,4
466981,1
467397,2
462589,4
467957,2
460264,1
466916,3
463822,3
461203,3
459124,2
467495,3
464292,3
461010,1
463109,3
462480,4
465229,2
462074,2
461645,3
463662,3
463756,2
466581,3
464680,4
464727,2
466413,1
462625,1
459048,4
461348,4
464719,1
465561,2
463976,1
464044,2
463333,4
462507,1
460589,2
460754,1
464170,2
463660,1
466200,2
460999,4
461327,3
461178,4
465150,1
462882,2
460544,3
459979,2
463157,1
466169,3
467427,3
465810,4
464112,4
465877,4
464337,4
465566,2
460394,4
460962,3
465323,1
460384,4
461760,3
465276,3
467270,3
464358,2
462181,3
459178,3
466117,3
463683,2
460223,1
465829,1
461523,2
461099,1
467405,3
467958,1
467283,3
463238,4
460228,1
464123,2
464110,2
460943,2
467603,3
460576,2
466635,3
461085,1
465850,4
467694,3
462497,2
465732,4
459759,3
465399,2
459107,3
461135,4
460769,2
463187,3
464070,2
462826,4
462844,4
463045,3
462236,3
460029,4
465393,3
462091,4
459860,4
461636,3
459431,1
459419,2
459806,2
463080,4
461044,4
467770,3
463245,1
459281,2
458983,3
459815,1
461038,2
465287,4
465313,2
464529,4
460391,4
464744,1
462741,1
461506,4
460207,2
459736,1
467187,3
466384,2
462763,4
465660,3
461493,1
460111,3
465305,4
461947,2
465008,3
459928,2
466639,2
459402,3
466470,2
465914,2
465675,1
461815,2
461335,3
461974,1
463267,1
464201,3
463942,4
459092,2
461264,4
462379,3
461554,2
466721,1
465822,2
461779,2
465537,1
465044,2
459171,3
466303,2
464547,2
462584,4
467399,4
462082,3
462575,2
459644,4
466587,3
460082,1
461380,2
465475,2
459883,2
466686,4
463750,3
460327,2
461349,4
465350,1
461665,2
461981,4
467685,1
465524,3
464220,1
463450,2
467481,1
464478,2
465549,4
459267,1
461875,2
463971,3
461789,3
461909,4
465244,4
466937,2
459296,3
459352,2
461225,4
463212,4
460925,3
460803,4
464694,1
467161,2
466640,4
464054,3
459154,1
465734,1
466612,4
463282,2
460681,2
466944,1
465376,1
465273,4
465162,2
459784,2
461057,2
464910,3
461826,1
461301,3
462995,3
464331,4
464487,1
465647,1
467132,2
467120,2
467802,3
464985,3
460224,2
465923,4
461948,3
461194,3
460590,2
463291,2
461321,3
466062,2
465252,4
461031,3
467230,4
465374,3
464159,2
463064,4
462927,1
459428,4
459921,1
462434,3
463625,1
465871,1
463151,1
459794,2
465004,4
464851,4
467383,2
466277,4
462115,4
463958,3
460023,1
460085,4
463930,3
463458,2
467147,1
461930,1
464398,4
461133,4
466382,2
466914,4
459986,2
465102,2
459209,3
464174,4
461516,1
463252,2
462795,1
461927,3
467337,3
465645,3
465844,4
460256,2
466825,1
464051,3
464643,1
467239,4
461113,4
466980,1
466077,1
460520,3
466429,1
460161,2
461579,3
467155,2
460746,1
464901,1
464238,1
466135,2
465196,4
463110,1
463820,3
462819,3
462456,4
467909,1
463391,2
467211,2
462256,2
459491,3
464664,2
459925,4
463224,2
459066,3
462052,3
463304,1
463521,1
464703,1
463542,1
465353,3
459696,2
460815,1
463413,1
460481,2
463336,2
462485,1
459357,4
464428,1
463295,1
461877,2
467793,4
466816,2
462271,2
463677,3
461400,4
466140,1
463435,4
463858,3
459777,1
463545,4
462188,2
465966,2
464869,1
459564,1
459099,1
465994,4
461243,4
464163,3
459781,1
462021,1
464004,4
459918,2
465725,1
462086,2
459627,1
462907,4
464766,2
467608,4
467763,2
467972,4
459484,1
459622,2
462023,1
461484,3
459020,3
466028,2
460362,4
464171,3
465144,1
461861,3
463606,3
467871,2
461730,2
463169,4
460102,2
460490,4
459511,1
466601,3
467616,1
459811,3
460087,2
466723,1
461580,3
465026,1
465825,1
467844,4
463348,1
466314,4
462518,1
461806,4
459584,4
463133,3
459856,2
465360,3
466869,4
465884,4
461485,3
466579,4
463125,2
465899,2
459703,1
464317,3
465093,3
464361,3
462334,2
459989,2
464757,1
462293,4
464820,2
465709,3
462277,2
465228,3
461368,4
460435,2
465080,3
459272,3
466578,2
466646,2
466408,1
460948,2
462244,2
459410,2
466668,2
467437,2
465267,2
463849,2
467191,2
460970,2
463943,3
463778,1
462894,3
465963,2
466791,1
460807,4
462328,4
460041,1
466840,4
461585,1
462570,4
461845,3
465182,1
463868,2
464028,4
466438,1
462196,2
463043,3
464316,3
466595,3
465240,4
467303,3
465388,4
462014,2
465401,2
461096,2
462801,2
463829,3
459770,1
463737,3
462433,2
465311,4
464804,1
464721,2
465131,3
467371,2
459004,3
465290,2
464165,1
462502,1
467572,1
464117,3
461688,3
460130,1
462425,1
460326,2
465903,2
461961,2
467855,4
459213,1
461120,4
467927,1
466908,1
466497,4
465027,2
463550,3
462943,2
462954,1
463567,2
466124,2
463354,4
465586,2
466178,3
461929,1
465752,3
462931,4
467853,3
467277,1
459049,2
464098,1
459438,3
466815,3
459747,3
461014,4
462007,3
465446,1
461416,2
463089,3
463373,1
465470,3
465985,4
462715,2
461925,3
465743,3
463675,1
464305,3
467178,3
464185,1
467082,3
459948,2
465991,4
465407,4
466225,4
461843,3
465935,1
463758,3
464651,4
467085,1
463965,1
467156,2
461347,2
462113,3
461299,3
466760,1
459760,1
463972,3
467431,3
463466,4
460479,1
461033,3
460839,4
462426,3
461431,3
461121,4
467149,1
461809,4
463793,1
460168,3
463931,3
463046,1
460020,3
461878,4
465802,3
466956,2
462559,3
467260,4
458994,3
459772,3
464895,3
460625,4
465263,3
462441,4
459828,4
460328,1
466448,2
463556,4
461109,4
460557,3
466066,3
459457,1
463538,2
466588,4
460112,3
466744,3
461821,3
463993,2
467779,3
461144,2
464308,2
464509,3
464061,2
466064,1
461999,2
466913,1
465765,2
460158,4
460703,4
465625,3
466857,4
466828,2
464679,3
464145,4
465543,1
467630,4
465521,3
460300,4
466367,2
464898,3
465632,1
460735,1
467812,2
464950,4
459562,3
464839,4
465959,1
463624,3
466227,3
465334,1
460595,4
464955,2
463188,3
459509,4
464838,4
464635,2
465213,2
460317,4
460196,4
463643,1
459285,1
464558,4
463950,4
464657,4
461922,2
465421,1
463617,4
461574,3
467638,3
460762,4
460408,1
461089,2
466866,1
467781,4
467867,4
459309,2
465040,1
462387,1
463646,2
462810,3
463999,3
461785,3
461238,1
464200,4
465819,1
462018,4
459275,4
461498,4
461894,3
461176,2
460759,2
463928,1
465753,3
467354,1
467326,3
461331,3
462744,2
461436,3
463057,4
467609,1
466451,1
463680,1
463589,4
460459,4
459128,2
464957,1
464835,4
466210,3
462351,3
460015,4
463355,3
465354,3
464373,2
459611,4
466487,1
462166,3
461056,3
461488,3
465745,3
464415,1
462727,1
463268,1
462085,4
465226,1
461465,1
461409,2
467791,4
463761,1
466098,1
465783,4
467796,1
464859,2
467386,4
461984,3
467205,3
464525,4
467103,1
461067,4
462569,4
462069,2
465614,3
460252,1
466603,3
462884,2
462418,3
465699,4
466488,3
462783,4
467063,2
461919,1
461844,3
464981,3
466034,2
461078,1
465664,1
467037,3
465474,4
459158,4
461545,2
464397,3
464003,4
466221,2
465172,3
460621,3
467702,4
461036,4
460376,3
462595,4
461195,4
466353,2
466464,2
466287,1
462035,3
463082,4
463600,2
465812,1
465048,3
460025,4
466764,3
462125,4
459551,2
467152,1
466420,2
460051,1
463144,3
465438,4
460438,2
459032,1
461199,4
462061,2
466119,2
460952,1
459024,3
464010,3
459189,3
466972,1
467072,3
460437,1
463830,4
463475,2
462237,4
460184,4
461287,2
462039,4
467482,3
459081,3
460711,4
462984,2
459447,2
466008,3
467567,4
462836,4
459580,2
460160,4
460808,2
467199,1
466939,2
461796,1
464686,4
460843,4
460370,3
465059,3
465925,4
464828,4
462230,4
466154,2
462197,1
461692,1
462019,3
460763,2
465740,1
460865,4
459991,1
463564,2
463749,4
464037,2
459180,3
460901,4
465312,4
466585,4
460444,2
462209,4
464132,4
467601,2
464458,2
466346,4
465471,2
460179,2
459801,4
461719,4
460831,4
464974,2
465344,3
460398,1
459725,2
466580,4
464207,1
461281,4
463360,2
461622,3
462911,1
463963,4
467297,3
461744,2
464696,1
460929,3
462840,4
460251,4
465476,1
461534,2
465097,1
464391,2
460833,1
464425,2
462231,2
464688,4
466141,3
464435,1
467824,4
459670,2
462515,2
461604,2
462472,3
465149,2
459673,2
465507,2
467393,3
460713,2
465366,2
465073,3
464626,3
465450,4
461157,1
465032,3
460965,2
466166,1
460131,4
465577,3
463334,3
462100,4
467734,2
465932,1
460377,3
466288,2
459161,3
466959,4
463747,3
460259,4
464494,3
466722,3
460561,3
461522,4
459039,3
459452,3
461713,3
461567,3
461495,2
461781,3
462126,4
461247,1
461620,2
463286,3
466553,4
466239,2
462393,4
465502,4
459337,1
466934,2
467965,1
465840,4
465689,4
462982,1
464262,4
461687,2
464499,2
467778,3
466280,2
463523,2
462937,3
460649,4
460911,4
462269,1
459279,3
461566,3
462324,1
463253,2
464667,4
462606,4
466961,3
459585,1
459304,2
462523,2
464805,1
465036,3
467953,1
464381,1
466115,1
467606,2
466340,4
459916,2
462341,3
467613,1
462706,3
466393,2
461296,3
463987,2
463073,3
466539,3
463311,4
461960,1
461848,4
461963,1
465477,2
466472,2
467727,1
459341,3
466486,1
460284,1
463704,1
467061,1
464545,1
464239,1
464996,3
461339,2
461581,3
460623,1
467407,4
460055,3
467032,1
467225,4
466509,2
463087,2
459535,3
463636,1
466717,2
466731,1
466201,3
467729,2
460234,4
464342,3
460915,4
466002,3
459641,3
463995,3
463903,1
466378,3
459270,1
461257,3
461667,3
465214,4
461212,4
461697,4
459913,4
461288,3
465669,1
460934,4
466785,4
465034,1
463947,3
465785,4
462856,4
459898,3
463790,2
465487,1
465147,3
463405,4
464771,2
459152,2
464605,1
466481,2
462097,2
460636,4
463174,1
463239,4
460081,2
466891,1
463519,3
467632,3
465339,3
467611,1
465481,2
459095,1
464896,1
460414,4
461420,1
463375,2
463796,4
459236,2
466576,4
462012,2
462533,1
460171,3
466385,3
465418,1
464411,4
463254,1
461456,1
461557,1
462946,1
463616,2
462593,2
464693,1
459618,3
466494,1
462432,2
464268,1
461305,4
462006,2
463917,4
463979,3
465780,4
464795,1
467596,3
459250,3
460468,1
466131,4
461311,3
464067,2
462299,3
466165,2
460237,4
459087,3
464971,1
460472,1
461145,1
465960,4
462561,3
466015,1
463196,1
463598,3
461988,2
461635,3
464687,4
459685,3
466617,4
465973,2
459312,4
467863,3
461659,3
466272,3
459292,3
463710,2
463856,3
467545,2
466027,2
460409,4
465342,1
460249,1
464231,3
461676,1
467597,1
459256,2
459962,2
463546,3
464197,4
465146,2
462412,3
464279,1
463381,3
464230,4
465394,2
461105,4
464328,2
462797,1
461008,1
461412,2
462283,4
467683,4
463727,1
459497,3
464407,4
465116,3
462957,2
465292,2
464359,2
461838,3
464624,1
466705,3
459849,3
463273,2
461551,1
464129,3
464031,4
460791,3
464348,1
460904,2
466484,1
461674,3
464297,1
462322,3
459974,1
461003,4
464939,4
461905,3
466952,3
460484,4
462346,2
465441,1
461689,3
464846,4
462254,2
462708,1
467806,2
461173,2
465912,2
461341,1
465135,2
461654,2
459147,4
464611,3
460356,4
461591,2
466505,2
464717,4
464620,2
462333,4
463910,3
459262,3
467808,3
460992,1
459950,1
467461,2
464177,4
463918,4
464326,1
465612,3
463872,1
466883,2
467477,4
461307,4
463509,4
461470,3
466138,4
460034,4
465088,2
462375,3
466337,1
465924,4
465788,4
463934,3
466728,1
461737,2
460972,1
461210,1
463111,4
465513,2
461732,3
459647,2
460257,4
464437,2
461544,1
462749,3
461472,3
467659,2
466859,4
460101,4
461885,3
460982,1
460503,2
460814,4
459981,1
463776,3
467746,2
460151,3
467145,2
461101,1
461424,2
464237,2
459995,1
465896,4
463639,4
463292,2
462484,4
465198,3
467820,2
465817,1
464244,2
465717,3
460461,1
466931,1
461106,4
463379,4
459331,4
466396,4
463135,3
463418,1
467300,2
465518,2
461964,4
463190,2
461771,1
466082,3
461241,4
460741,2
461752,3
461030,4
459097,1
464615,1
460928,2
467682,2
463480,4
462370,2
459148,4
462588,1
466102,3
464482,3
463078,1
464646,4
461151,4
466397,4
463743,4
467753,3
465666,3
463105,4
465280,3
465578,4
466560,4
459897,3
466440,1
464647,4
460851,2
467122,3
460462,2
459440,2
459521,1
465772,2
462218,2
467673,2
461295,3
466035,2
459830,1
462080,3
459330,4
467058,2
461122,4
464886,2
463697,1
460592,4
465995,4
461293,4
467020,2
467175,4
465154,4
466666,1
462859,1
467483,1
466950,4
466884,1
463203,4
464716,4
466162,2
462383,4
462970,4
463988,1
466500,2
460826,4
466714,3
467876,3
465204,3
461851,3
460823,2
459328,2
466541,1
461817,4
459187,2
464352,3
459814,2
460309,4
467169,2
461362,4
462942,1
463088,3
463924,2
462794,4
462399,4
465593,1
465437,3
465457,1
463167,1
462141,3
460760,2
461938,1
465041,3
467226,3
459800,4
466175,3
460212,4
466912,4
460373,4
463728,2
466596,3
465945,4
464825,4
462235,3
463477,3
465744,3
467093,1
464351,4
466955,1
462305,3
465885,1
461022,1
463146,2
459150,1
467114,2
466395,1
465028,3
464189,1
466043,2
460585,4
461217,4
465759,1
464781,4
459425,1
460716,2
464864,4
467250,4
460169,3
462401,4
464290,3
464599,2
464952,2
460502,2
463897,2
464401,2
462621,4
466092,2
466469,4
459804,3
460548,4
459733,1
466830,4
466849,3
461090,4
466531,1
467378,3
461087,1
465754,3
466708,1
465133,2
467266,3
464304,1
464393,1
464883,1
465203,3
461860,3
459934,2
461408,4
459967,2
464493,2
463020,4
466704,3
462950,4
465560,2
465114,2
464908,1
464109,3
463748,4
461808,2
461716,3
466409,3
464160,1
462459,1
463347,1
461117,4
467023,1
465068,2
462239,3
467472,2
466286,3
463767,3
466653,1
464982,2
465021,3
460079,1
460092,3
466172,3
463370,1
463030,3
465359,3
462504,2
465937,4
460534,2
461032,3
463785,3
461358,1
464803,1
460960,2
461461,2
466960,2
466674,3
460037,1
460166,4
461403,4
464453,3
463926,4
462718,4
464440,1
467197,4
465070,3
466127,1
467918,3
462696,1
464135,2
467586,2
460794,4
460155,3
464606,3
465856,1
463214,1
462848,2
461666,3
459773,3
463647,1
464156,2
463139,2
464355,3
462183,4
466697,4
466730,1
466394,1
459009,3
460554,2
462498,2
459926,3
465910,1
459166,1
462545,4
459406,2
464772,1
465491,2
463123,1
462015,1
461107,4
459265,3
460295,1
463871,2
464594,4
460694,1
464369,2
463983,1
465721,4
461325,3
465335,2
461871,3
466296,3
462252,1
460209,4
465890,2
459745,1
465715,1
467168,2
461417,4
462938,2
463869,3
459071,3
460193,1
467961,2
464442,2
465834,1
462857,4
463474,3
463607,2
464874,3
465186,3
463861,1
464027,4
460985,3
466870,3
466060,2
461273,2
461648,3
467631,3
467804,3
466000,1
459445,3
466292,2
463804,1
464081,3
462543,2
463051,1
465893,2
466812,4
467091,4
460268,2
465757,1
460021,2
463859,3
460053,3
466659,2
466533,1
465307,2
464592,1
461647,3
467462,3
467594,2
464255,3
461701,3
466516,4
464036,1
461887,4
466177,3
467486,2
466775,3
467412,2
460546,3
466204,3
459000,3
466781,1
464992,3
464921,3
458982,3
461045,2
459346,2
464183,3
466642,4
460519,3
462687,4
467921,1
460863,1
464168,3
464819,1
465718,3
461025,4
466243,1
463059,4
466962,3
463067,1
465755,3
466301,3
467884,4
459315,4
465343,2
467772,4
460292,1
466566,2
459500,2
460267,3
467298,1
467095,3
465919,2
461835,3
461302,4
461275,2
463115,4
466362,2
463490,4
463836,2
459923,4
464164,3
460298,1
467819,2
460722,1
466407,1
462411,1
466198,3
462153,2
467180,4
461481,3
464589,4
461471,3
464146,1
459589,4
459829,4
463314,1
459723,3
459122,3
462221,4
462694,1
466757,1
464413,2
466425,1
460474,1
467261,3
463322,2
466193,1
459738,4
459008,2
461250,4
461926,3
459578,2
466003,3
465460,2
462862,4
465084,3
465777,1
466688,4
461029,1
464812,1
465099,3
465730,1
462138,2
460332,4
462342,3
459007,3
465130,3
459702,1
461401,1
463916,1
459938,2
460199,2
466684,3
465978,2
465682,1
462693,1
459952,1
466450,4
466556,4
459932,2
460420,1
460123,4
462357,1
464094,2
467852,2
462526,3
463180,3
461572,3
464607,3
467751,3
465563,2
465589,1
459215,3
466826,1
461164,2
459305,2
460181,1
466447,2
467735,1
463755,2
460930,4
465246,4
459683,2
463491,4
459985,2
462815,1
464187,1
467137,4
462477,1
463906,2
465855,1
467334,3
461600,3
465828,4
460279,2
463136,2
459869,4
467916,3
461890,3
466582,4
461076,1
466713,3
460753,1
460262,4
465249,4
466083,4
459137,3
467416,2
463137,4
459839,2
465665,1
464747,1
464920,2
461638,1
467790,4
463402,4
462900,2
460688,4
466033,2
461440,3
465670,4
463985,4
466347,2
459077,1
460339,1
459970,1
463464,4
459313,3
466990,2
464108,3
462261,3
463312,1
462667,1
462917,4
463898,3
459157,4
460287,2
460684,2
462319,3
465128,2
465222,1
467850,4
465488,4
467672,3
466606,2
461840,3
461284,4
467878,1
465553,3
463346,4
466232,3
465183,3
462382,2
461363,1
465658,3
460748,1
466217,3
465484,2
462326,3
459870,1
467676,4
464488,3
466076,4
462275,3
459396,2
464417,3
467311,2
464034,1
459886,1
466435,4
463885,1
462915,2
462824,2
460696,4
461658,3
467142,2
460127,4
467542,4
462901,1
464797,1
460867,2
464438,3
460779,1
460276,3
466478,3
463834,3
465796,3
460654,4
465641,3
467854,1
459291,1
460749,1
459229,2
466038,1
467538,2
459266,4
467642,3
459579,2
464143,4
467678,4
466053,4
467038,3
466822,2
464371,3
462788,3
459334,4
465236,3
461433,3
466345,4
459942,2
462739,1
467243,4
463215,1
460887,2
467950,4
460407,2
466565,2
461590,2
461128,4
460145,2
462192,4
467470,2
467937,3
466648,3
460866,2
463097,3
466196,1
466372,3
459367,4
463390,3
465478,1
461262,1
463376,3
459536,4
466351,4
465916,2
461867,1
461236,4
461330,3
466271,2
463511,2
462567,1
460278,1
467841,4
465167,3
464161,1
463462,1
459963,1
459172,4
467475,3
464303,2
461308,4
460149,3
459955,4
463668,3
463424,3
462767,4
465736,2
461449,2
464531,1
467007,1
460190,4
466149,1
464214,4
461211,1
467430,3
462624,4
461542,2
465302,2
460291,2
460742,2
464350,3
466325,1
464353,1
463172,1
467136,1
466693,4
461727,3
461160,1
461360,4
466900,3
467166,4
460541,4
466622,1
465971,4
466909,2
462288,3
464627,1
460205,2
460854,4
463725,3
461694,4
465917,2
463604,4
467473,4
465089,3
467491,3
461418,1
464540,1
462985,1
465921,2
459672,3
465815,1
459379,4
458988,4
466583,1
467951,1
461742,3
466321,3
464102,3
467657,4
467203,3
460329,1
465926,4
467635,2
461127,4
462486,3
463011,2
464715,4
462725,2
465325,2
464699,4
465270,3
463189,1
460162,4
466244,2
466403,1
459156,1
463944,1
466888,1
461430,3
464489,3
464738,1
459953,2
465318,3
461959,3
467237,4
461756,3
463433,3
465724,1
466904,3
462463,3
461515,1
464192,4
467904,1
460921,3
464842,1
467733,2
460142,2
461504,2
460174,3
461965,4
463998,2
462821,4
463787,3
460203,1
460104,1
465434,2
461259,1
465797,3
466373,2
464495,3
462329,3
463508,1
462062,4
466150,2
466220,2
464648,1
464167,3
465012,2
464584,4
463258,1
467765,4
463687,4
461477,3
465017,3
462430,3
462897,4
466136,1
466989,2
462428,3
462446,4
467254,2
464077,3
465808,4
464660,3
465430,3
460493,2
459170,2
461219,4
467054,4
465107,4
459274,2
459540,2
467536,4
461611,3
466164,1
466638,2
460518,3
464115,4
460383,4
466943,2
465988,2
462503,3
461215,4
460608,4
461698,3
465911,1
462315,2
461563,3
465007,4
464777,2
461480,3
460486,4
459994,1
459042,3
461280,4
463070,4
464447,4
459617,4
464714,3
465160,3
460239,3
465952,4
461005,4
465782,4
466886,4
464013,4
466535,4
466786,4
460314,4
461088,2
464653,1
463358,2
466970,1
461491,3
464344,2
463655,2
463427,4
463016,2
464099,1
461446,3
460241,3
465567,1
460536,4
464366,3
459339,1
467466,1
465340,4
460319,4
466542,2
459482,4
467838,3
465784,4
464301,2
462885,4
466831,1
466114,3
463313,1
461237,1
463184,3
467591,2
462350,3
466564,4
465221,3
464157,3
460725,2
462294,4
462336,2
464137,3
467229,3
459524,3
461655,1
463145,2
467577,3
467836,3
463018,4
467272,1
467181,2
460939,2
465440,4
466190,3
465570,3
463075,3
460932,4
459139,3
460277,2
460244,2
465265,2
462207,4
466327,1
465330,3
464675,4
461386,2
462751,4
459016,4
461803,4
459277,2
461748,4
464768,1
460238,1
459455,4
464327,3
463696,1
460856,3
462601,4
464515,4
461901,3
466677,1
467809,3
462313,3
461402,4
460810,4
459242,2
460801,1
462306,1
463913,1
465403,1
463759,3
463685,2
461224,4
459504,1
461805,4
462212,4
465381,3
465389,2
463162,1
464718,2
462519,4
459530,3
459444,3
465843,2
460869,2
462029,1
459865,3
464968,1
462272,1
464879,1
462684,4
462194,1
465415,3
465251,4
460733,4
459418,4
464265,3
463421,2
459013,3
466875,4
463817,4
466139,3
460227,3
464250,3
462118,3
467235,4
467648,1
466306,4
464739,2
466121,3
464441,1
466660,4
458992,4
464623,1
465530,3
462891,3
459088,4
459911,4
466199,3
460018,3
465580,4
466070,3
462471,1
461759,3
462048,4
463050,2
465597,1
463940,3
459718,2
461899,4
466273,4
461813,4
462851,4
466860,3
464617,1
462228,1
460903,4
464518,4
462800,2
467489,4
467278,2
464601,4
461980,1
461489,3
466778,1
465621,3
460935,4
465895,2
462655,4
465100,3
464274,3
459399,4
466852,3
464101,3
465501,4
466405,1
465594,4
465685,4
461774,2
467341,2
461612,3
466629,3
467036,2
465306,4
465789,4
465422,3
462049,2
465838,1
467379,2
465285,4
466004,3
464853,1
467455,3
465667,4
463437,2
461291,4
459889,2
466460,4
460674,1
460132,4
463613,1
465231,3
463002,2
464685,4
465406,4
467299,2
461879,2
