27번째에서 오류				 2022-09-27 18:22:30.669431
33번째에서 오류				 2022-09-28 17:58:15.493409
1번째에서 오류				 2022-11-21 09:41:57.500582
2번째에서 오류				 2022-11-21 09:41:57.500582
3번째에서 오류				 2022-11-21 09:41:57.500582
4번째에서 오류				 2022-11-21 09:41:57.500582
5번째에서 오류				 2022-11-21 09:41:57.500582
6번째에서 오류				 2022-11-21 09:41:57.500582
7번째에서 오류				 2022-11-21 09:41:57.500582
8번째에서 오류				 2022-11-21 09:41:57.500582
9번째에서 오류				 2022-11-21 09:41:57.500582
10번째에서 오류				 2022-11-21 09:41:57.500582
11번째에서 오류				 2022-11-21 09:41:57.500582
12번째에서 오류				 2022-11-21 09:41:57.500582
13번째에서 오류				 2022-11-21 09:41:57.500582
14번째에서 오류				 2022-11-21 09:41:57.500582
15번째에서 오류				 2022-11-21 09:41:57.500582
16번째에서 오류				 2022-11-21 09:41:57.500582
17번째에서 오류				 2022-11-21 09:41:57.500582
18번째에서 오류				 2022-11-21 09:41:57.500582
19번째에서 오류				 2022-11-21 09:41:57.500582
20번째에서 오류				 2022-11-21 09:41:57.500582
21번째에서 오류				 2022-11-21 09:41:57.500582
22번째에서 오류				 2022-11-21 09:41:57.500582
23번째에서 오류				 2022-11-21 09:41:57.500582
24번째에서 오류				 2022-11-21 09:41:57.500582
25번째에서 오류				 2022-11-21 09:41:57.500582
26번째에서 오류				 2022-11-21 09:41:57.500582
27번째에서 오류				 2022-11-21 09:41:57.500582
28번째에서 오류				 2022-11-21 09:41:57.500582
29번째에서 오류				 2022-11-21 09:41:57.500582
30번째에서 오류				 2022-11-21 09:41:57.500582
31번째에서 오류				 2022-11-21 09:41:57.500582
32번째에서 오류				 2022-11-21 09:41:57.500582
33번째에서 오류				 2022-11-21 09:41:57.500582
34번째에서 오류				 2022-11-21 09:41:57.500582
35번째에서 오류				 2022-11-21 09:41:57.500582
36번째에서 오류				 2022-11-21 09:41:57.500582
37번째에서 오류				 2022-11-21 09:41:57.500582
38번째에서 오류				 2022-11-21 09:41:57.500582
39번째에서 오류				 2022-11-21 09:41:57.500582
40번째에서 오류				 2022-11-21 09:41:57.500582
41번째에서 오류				 2022-11-21 09:41:57.500582
42번째에서 오류				 2022-11-21 09:41:57.500582
43번째에서 오류				 2022-11-21 09:41:57.500582
44번째에서 오류				 2022-11-21 09:41:57.500582
45번째에서 오류				 2022-11-21 09:41:57.500582
46번째에서 오류				 2022-11-21 09:41:57.500582
47번째에서 오류				 2022-11-21 09:41:57.500582
48번째에서 오류				 2022-11-21 09:41:57.500582
49번째에서 오류				 2022-11-21 09:41:57.500582
50번째에서 오류				 2022-11-21 09:41:57.500582
31번째에서 오류				 2022-11-21 09:41:57.500582
32번째에서 오류				 2022-11-21 09:41:57.500582
33번째에서 오류				 2022-11-21 09:41:57.500582
34번째에서 오류				 2022-11-21 09:41:57.500582
35번째에서 오류				 2022-11-21 09:41:57.500582
36번째에서 오류				 2022-11-21 09:41:57.500582
37번째에서 오류				 2022-11-21 09:41:57.500582
38번째에서 오류				 2022-11-21 09:41:57.500582
39번째에서 오류				 2022-11-21 09:41:57.500582
40번째에서 오류				 2022-11-21 09:41:57.500582
41번째에서 오류				 2022-11-21 09:41:57.500582
42번째에서 오류				 2022-11-21 09:41:57.500582
43번째에서 오류				 2022-11-21 09:41:57.500582
44번째에서 오류				 2022-11-21 09:41:57.500582
45번째에서 오류				 2022-11-21 09:41:57.500582
46번째에서 오류				 2022-11-21 09:41:57.500582
47번째에서 오류				 2022-11-21 09:41:57.500582
48번째에서 오류				 2022-11-21 09:41:57.500582
49번째에서 오류				 2022-11-21 09:41:57.500582
50번째에서 오류				 2022-11-21 09:41:57.500582
